{
  "licenseType": "Unknown",
  "dc:description": "Imported at Thu Nov 10 16:35:48 PST 2016 from refine3.csv.",
  "exportable": true,
  "dc:title": "refine3",
  "dc:modified": "2016-11-11T00:37:27Z",
  "dc:identifier": "1MXsvg-TKM_E91tWsA9uVjZmM19widYXHbv67cAty",
  "tableSchema": {"columns": [
    {
      "datatype": "double",
      "name": "col0",
      "validateData": false
    },
    {
      "datatype": "string",
      "name": "col1",
      "validateData": false,
      "title": "company"
    },
    {
      "datatype": "string",
      "name": "col2",
      "validateData": false,
      "title": "Product"
    },
    {
      "datatype": "double",
      "name": "col3",
      "validateData": false,
      "title": "code"
    },
    {
      "datatype": "string",
      "name": "col4",
      "validateData": false,
      "title": "geocode2"
    },
    {
      "datatype": "string",
      "name": "col5",
      "validateData": false,
      "title": "gender"
    },
    {
      "datatype": "string",
      "name": "col6",
      "validateData": false,
      "title": "Initial"
    },
    {
      "datatype": "string",
      "name": "col7",
      "validateData": false,
      "title": "names"
    },
    {
      "datatype": "location",
      "name": "col8",
      "validateData": false,
      "title": "lat_long"
    }
  ]}
}